,t,v,throttle,brake
0,0.0,0.0,0.2,0.0
1,0.019999999999999574,0.0,0.2,0.0
2,0.039999999999999133,0.0,0.2,0.0
3,0.05999999999999872,0.0,0.2,0.0
4,0.08000000000000004,0.0,0.2,0.0
5,0.09999999999999964,0.0019429406384006145,0.2,0.0
6,0.11999999999999922,0.004401280079036951,0.2,0.0
7,0.1399999999999988,0.006888390053063631,0.2,0.0
8,0.16000000000000014,0.009402325376868248,0.2,0.0
9,0.17999999999999972,0.011934992857277392,0.2,0.0
10,0.1999999999999993,0.01448069419711828,0.2,0.0
11,0.21999999999999886,0.01703328639268875,0.2,0.0
12,0.2400000000000002,0.019584573805332184,0.2,0.0
13,0.2599999999999998,0.022131867706775662,0.2,0.0
14,0.27999999999999936,0.02466464787721634,0.2,0.0
15,0.29999999999999893,0.0271843895316124,0.2,0.0
16,0.3200000000000003,0.02968512289226055,0.2,0.0
17,0.3399999999999999,0.032159451395273216,0.2,0.0
18,0.3599999999999994,0.034600581973791115,0.2,0.0
19,0.379999999999999,0.03701196238398552,0.2,0.0
20,0.4000000000000004,0.03939145803451538,0.2,0.0
21,0.41999999999999993,0.04172942414879799,0.2,0.0
22,0.4399999999999995,0.04403014108538628,0.2,0.0
23,0.4599999999999991,0.046288855373859406,0.2,0.0
24,0.47999999999999865,0.048503592610359185,0.2,0.0
25,0.5,0.05068036913871765,0.2,0.0
26,0.5199999999999996,0.0528101772069931,0.2,0.0
27,0.5399999999999991,0.05490032210946083,0.2,0.0
28,0.5599999999999987,0.05694989487528801,0.2,0.0
29,0.5800000000000001,0.05896223336458206,0.2,0.0
30,0.5999999999999996,0.06093664839863777,0.2,0.0
31,0.6199999999999992,0.0628759115934372,0.2,0.0
32,0.6399999999999988,0.06478171795606613,0.2,0.0
33,0.6600000000000001,0.06666188687086105,0.2,0.0
34,0.6799999999999997,0.0688949003815651,0.2,0.0
35,0.6999999999999993,0.07771266996860504,0.2,0.0
36,0.7199999999999989,0.1262170821428299,0.2,0.0
37,0.7400000000000002,0.15047012269496918,0.2,0.0
38,0.7599999999999998,0.18378035724163053,0.2,0.0
39,0.7799999999999994,0.19660134613513947,0.2,0.0
40,0.7999999999999989,0.19564016163349152,0.2,0.0
41,0.8200000000000003,0.1912805140018463,0.2,0.0
42,0.8399999999999999,0.18199558556079865,0.2,0.0
43,0.8599999999999995,0.18826113641262052,0.2,0.0
44,0.8799999999999991,0.22424174845218656,0.2,0.0
45,0.9000000000000004,0.25320374965667725,0.2,0.0
46,0.9199999999999999,0.2424592226743698,0.2,0.0
47,0.9399999999999995,0.2408608645200729,0.2,0.0
48,0.9599999999999991,0.24946948885917666,0.2,0.0
49,0.9799999999999986,0.2590251564979553,0.2,0.0
50,1.0,0.2684428989887237,0.2,0.0
51,1.0199999999999996,0.2763110995292664,0.2,0.0
52,1.0399999999999991,0.3082413375377655,0.2,0.0
53,1.0599999999999987,0.2976574897766113,0.2,0.0
54,1.08,0.29794493317604065,0.2,0.0
55,1.0999999999999994,0.3052251636981964,0.2,0.0
56,1.119999999999999,0.3048968017101288,0.2,0.0
57,1.1399999999999988,0.3094251751899719,0.2,0.0
58,1.1600000000000001,0.3102387487888336,0.2,0.0
59,1.1799999999999997,0.3192996680736542,0.2,0.0
60,1.1999999999999993,0.33400270342826843,0.2,0.0
61,1.2199999999999989,0.33422401547431946,0.2,0.0
62,1.2400000000000002,0.3402153253555298,0.2,0.0
63,1.26,0.3386192321777344,0.2,0.0
64,1.2799999999999996,0.3494270145893097,0.2,0.0
65,1.299999999999999,0.35821086168289185,0.2,0.0
66,1.3200000000000003,0.3726887404918671,0.2,0.0
67,1.3399999999999999,0.3832174241542816,0.2,0.0
68,1.3599999999999994,0.3840535283088684,0.2,0.0
69,1.379999999999999,0.3820883333683014,0.2,0.0
70,1.4000000000000004,0.4142564535140991,0.2,0.0
71,1.42,0.4160844385623932,0.2,0.0
72,1.4399999999999995,0.4168483018875122,0.2,0.0
73,1.459999999999999,0.4151690602302551,0.2,0.0
74,1.4799999999999986,0.4146047234535217,0.2,0.0
75,1.5,0.4341132640838623,0.2,0.0
76,1.5199999999999996,0.4521740972995758,0.2,0.0
77,1.5399999999999991,0.4590950012207031,0.2,0.0
78,1.5599999999999987,0.4646973609924317,0.2,0.0
79,1.58,0.4702692925930023,0.2,0.0
80,1.5999999999999994,0.4850853681564331,0.2,0.0
81,1.619999999999999,0.488245815038681,0.2,0.0
82,1.6399999999999988,0.5011749863624573,0.2,0.0
83,1.6600000000000001,0.5349634289741516,0.2,0.0
84,1.6799999999999997,0.534709095954895,0.2,0.0
85,1.6999999999999993,0.5318424701690674,0.2,0.0
86,1.7199999999999989,0.5304679870605469,0.2,0.0
87,1.7400000000000002,0.5297890901565552,0.2,0.0
88,1.76,0.5299114584922789,0.2,0.0
89,1.7799999999999996,0.5306866168975829,0.2,0.0
90,1.7999999999999992,0.5320295095443726,0.2,0.0
91,1.8200000000000003,0.5338532328605652,0.2,0.0
92,1.8399999999999999,0.5360833406448364,0.2,0.0
93,1.8599999999999994,0.5386615991592407,0.2,0.0
94,1.879999999999999,0.5415329337120056,0.2,0.0
95,1.9000000000000004,0.5446513891220093,0.2,0.0
96,1.92,0.5479793548583984,0.2,0.0
97,1.9399999999999995,0.5514811277389526,0.2,0.0
98,1.9599999999999995,0.5551292896270752,0.2,0.0
99,1.9799999999999986,0.5588942766189575,0.2,0.0
100,2.0,0.5627580881118774,0.2,0.0
101,2.0199999999999996,0.5666988492012024,0.2,0.0
102,2.0399999999999996,0.5706996917724609,0.2,0.0
103,2.0599999999999987,0.5747493505477905,0.2,0.0
104,2.0800000000000005,0.5788309574127197,0.2,0.0
105,2.0999999999999996,0.5829344987869263,0.2,0.0
106,2.1199999999999997,0.5870527625083923,0.2,0.0
107,2.1399999999999992,0.5911760330200195,0.2,0.0
108,2.16,0.5952966809272766,0.2,0.0
109,2.1799999999999997,0.5994067788124084,0.2,0.0
110,2.1999999999999993,0.603504478931427,0.2,0.0
111,2.2199999999999993,0.6075829267501831,0.2,0.0
112,2.24,0.6116382479667664,0.2,0.0
113,2.26,0.615666925907135,0.2,0.0
114,2.2799999999999994,0.6196657419204712,0.2,0.0
115,2.299999999999999,0.6236334443092346,0.2,0.0
116,2.3200000000000003,0.6275657415390015,0.2,0.0
117,2.34,0.6314631700515747,0.2,0.0
118,2.3599999999999994,0.6353231072425842,0.2,0.0
119,2.379999999999999,0.6391444802284241,0.2,0.0
120,2.4000000000000004,0.6429256200790405,0.2,0.0
121,2.42,0.6466664671897888,0.2,0.0
122,2.4399999999999995,0.6503674983978271,0.2,0.0
123,2.4599999999999995,0.6540255546569824,0.2,0.0
124,2.4799999999999986,0.657640278339386,0.2,0.0
125,2.5,0.6612138748168945,0.2,0.0
126,2.5199999999999996,0.6647447943687439,0.2,0.0
127,2.5399999999999996,0.668231725692749,0.2,0.0
128,2.5599999999999987,0.6716771721839905,0.2,0.0
129,2.5800000000000005,0.6750802993774414,0.2,0.0
130,2.5999999999999996,0.6784393191337585,0.2,0.0
131,2.6199999999999997,0.6817575097084045,0.2,0.0
132,2.6399999999999992,0.6850309371948242,0.2,0.0
133,2.66,0.6882647275924683,0.2,0.0
134,2.6799999999999997,0.6914562582969666,0.2,0.0
135,2.6999999999999993,0.6946057081222534,0.2,0.0
136,2.7199999999999993,0.6977148056030273,0.2,0.0
137,2.74,0.7007827758789062,0.2,0.0
138,2.76,0.7038113474845886,0.2,0.0
139,2.7799999999999994,0.7067986130714417,0.2,0.0
140,2.799999999999999,0.709746241569519,0.2,0.0
141,2.8200000000000007,0.7126554846763611,0.2,0.0
142,2.84,0.7155255079269409,0.2,0.0
143,2.8599999999999994,0.7183574438095093,0.2,0.0
144,2.879999999999999,0.7211520075798035,0.2,0.0
145,2.900000000000001,0.7239077091217041,0.2,0.0
146,2.92,0.7266273498535156,0.2,0.0
147,2.9399999999999995,0.7293100357055664,0.2,0.0
148,2.9599999999999995,0.7319568395614624,0.2,0.0
149,2.979999999999998,0.7345674633979797,0.2,0.0
150,3.0,0.7371433973312378,0.2,0.0
151,3.0199999999999996,0.7396832108497621,0.2,0.0
152,3.0399999999999996,0.7421895265579224,0.2,0.0
153,3.0599999999999983,0.7446603178977966,0.2,0.0
154,3.0800000000000005,0.7470983862876892,0.2,0.0
155,3.0999999999999996,0.7495035529136658,0.2,0.0
156,3.1199999999999997,0.7518761157989502,0.2,0.0
157,3.1399999999999992,0.7542157769203186,0.2,0.0
158,3.16,0.7565232515335083,0.2,0.0
159,3.1799999999999997,0.7587989568710327,0.2,0.0
160,3.1999999999999993,0.761043906211853,0.2,0.0
161,3.2199999999999993,0.7632580995559692,0.2,0.0
162,3.24,0.7654423117637634,0.2,0.0
163,3.26,0.7675963640213013,0.2,0.0
164,3.2799999999999994,0.7697208523750305,0.2,0.0
165,3.299999999999999,0.7718169093132019,0.2,0.0
166,3.3200000000000007,0.7738830447196959,0.2,0.0
167,3.34,0.775920569896698,0.2,0.0
168,3.3599999999999994,0.7779303789138794,0.2,0.0
169,3.379999999999999,0.7799131870269775,0.2,0.0
170,3.400000000000001,0.7818682193756104,0.2,0.0
171,3.42,0.7837972044944763,0.2,0.0
172,3.4399999999999995,0.7856985330581665,0.2,0.0
173,3.4599999999999995,0.7875741124153137,0.2,0.0
174,3.479999999999998,0.7894236445426941,0.2,0.0
175,3.5,0.791248083114624,0.2,0.0
176,3.5199999999999996,0.7930469512939453,0.2,0.0
177,3.5399999999999996,0.7948211431503296,0.2,0.0
178,3.5599999999999983,0.7965705990791321,0.2,0.0
179,3.5800000000000005,0.7982962131500244,0.2,0.0
180,3.5999999999999996,0.7999982833862305,0.2,0.0
181,3.6199999999999997,0.8016759157180786,0.2,0.0
182,3.639999999999999,0.8033310770988464,0.2,0.0
183,3.66,0.8049634099006653,0.2,0.0
184,3.6799999999999997,0.8065725564956665,0.2,0.0
185,3.6999999999999993,0.8081597685813904,0.2,0.0
186,3.7199999999999993,0.8097254037857056,0.2,0.0
187,3.74,0.8112690448760986,0.2,0.0
188,3.7599999999999993,0.8127910494804382,0.2,0.0
189,3.7799999999999994,0.8142927885055542,0.2,0.0
190,3.7999999999999994,0.8157736659049988,0.2,0.0
191,3.8200000000000007,0.8172335028648376,0.2,0.0
192,3.8399999999999994,0.8186737895011902,0.2,0.0
193,3.8599999999999994,0.8200934529304504,0.2,0.0
194,3.8799999999999994,0.82149338722229,0.2,0.0
195,3.900000000000001,0.8228741884231567,0.2,0.0
196,3.9199999999999995,0.8242350816726685,0.2,0.0
197,3.9399999999999995,0.8255782723426819,0.2,0.0
198,3.959999999999999,0.8269025087356567,0.2,0.0
199,3.9799999999999986,0.8282077312469482,0.2,0.0
200,3.9999999999999982,0.8294950723648071,0.2,0.0
201,4.019999999999998,0.83076411485672,0.2,0.0
202,4.040000000000001,0.8320168852806091,0.2,0.0
203,4.0600000000000005,0.8332509398460388,0.2,0.0
204,4.080000000000001,0.8344681859016418,0.2,0.0
205,4.1,0.8356686234474182,0.2,0.0
206,4.119999999999999,0.8368523716926575,0.2,0.0
207,4.139999999999998,0.8380193114280701,0.2,0.0
208,4.159999999999998,0.8391708731651306,0.2,0.0
209,4.179999999999998,0.8403058648109436,0.2,0.0
210,4.200000000000001,0.841425359249115,0.2,0.0
211,4.220000000000001,0.8425291180610657,0.2,0.0
212,4.240000000000001,0.8436176776885986,0.2,0.0
213,4.26,0.8446915149688721,0.2,0.0
214,4.279999999999999,0.8457508683204651,0.2,0.0
215,4.299999999999998,0.8467941880226135,0.2,0.0
216,4.3199999999999985,0.8478233814239502,0.2,0.0
217,4.339999999999998,0.8488382697105408,0.2,0.0
218,4.360000000000001,0.8498393893241882,0.2,0.0
219,4.380000000000001,0.8508259654045105,0.2,0.0
220,4.4,0.8517982363700867,0.2,0.0
221,4.42,0.8527581095695496,0.2,0.0
222,4.4399999999999995,0.8537041544914246,0.2,0.0
223,4.459999999999999,0.8546371459960938,0.2,0.0
224,4.479999999999999,0.8555566072463989,0.2,0.0
225,4.499999999999998,0.856464147567749,0.2,0.0
226,4.519999999999998,0.8573583960533142,0.2,0.0
227,4.540000000000001,0.8582402467727661,0.2,0.0
228,4.5600000000000005,0.8591099977493286,0.2,0.0
229,4.580000000000001,0.8599679470062256,0.2,0.0
230,4.6,0.8608134388923645,0.2,0.0
231,4.619999999999999,0.8616470098495483,0.2,0.0
232,4.639999999999998,0.8624690175056458,0.2,0.0
233,4.659999999999998,0.8632802367210388,0.2,0.0
234,4.679999999999998,0.8640795946121216,0.2,0.0
235,4.700000000000001,0.8648679256439209,0.2,0.0
236,4.720000000000001,0.8656452894210815,0.2,0.0
237,4.740000000000001,0.8664115667343141,0.2,0.0
238,4.76,0.8671677112579346,0.2,0.0
239,4.779999999999999,0.8679130077362059,0.2,0.0
240,4.799999999999998,0.8686478734016418,0.2,0.0
241,4.8199999999999985,0.8693728446960449,0.2,0.0
242,4.839999999999998,0.8700873255729675,0.2,0.0
243,4.860000000000001,0.8707915544509888,0.2,0.0
244,4.880000000000001,0.8714864253997803,0.2,0.0
245,4.9,0.8721720576286316,0.2,0.0
246,4.92,0.8728474974632263,0.2,0.0
247,4.9399999999999995,0.8735138773918152,0.2,0.0
248,4.959999999999999,0.8741698861122131,0.2,0.0
249,4.979999999999999,0.8748177886009216,0.2,0.0
250,4.999999999999998,0.8754563927650452,0.2,0.0
251,5.019999999999998,0.8760856986045837,0.2,0.0
252,5.040000000000001,0.8767067790031433,0.2,0.0
253,5.0600000000000005,0.8773190975189209,0.2,0.0
254,5.080000000000001,0.8779225945472717,0.2,0.0
255,5.1,0.878517746925354,0.2,0.0
256,5.119999999999999,0.8791049718856812,0.2,0.0
257,5.139999999999998,0.8796837329864502,0.2,0.0
258,5.159999999999998,0.8802545070648193,0.2,0.0
259,5.179999999999998,0.8808166980743408,0.2,0.0
260,5.200000000000001,0.8813717365264893,0.2,0.0
261,5.220000000000001,0.8819186687469482,0.2,0.0
262,5.240000000000001,0.8824577927589417,0.2,0.0
263,5.26,0.8829901218414307,0.2,0.0
264,5.279999999999999,0.8835144639015198,0.2,0.0
265,5.299999999999998,0.8840310573577881,0.2,0.0
266,5.3199999999999985,0.8845409750938416,0.2,0.0
267,5.339999999999998,0.8850433230400085,0.2,0.0
268,5.360000000000002,0.8855389952659607,0.2,0.0
269,5.380000000000001,0.8860275149345398,0.2,0.0
270,5.4,0.8865095973014832,0.2,0.0
271,5.42,0.8869850635528564,0.2,0.0
272,5.4399999999999995,0.8874539136886597,0.2,0.0
273,5.459999999999999,0.8879156112670898,0.2,0.0
274,5.479999999999999,0.8883708715438843,0.2,0.0
275,5.499999999999998,0.8888199329376221,0.2,0.0
276,5.519999999999997,0.8892624378204346,0.2,0.0
277,5.540000000000001,0.8896991014480591,0.2,0.0
278,5.5600000000000005,0.8901297450065613,0.2,0.0
279,5.580000000000001,0.8905543088912964,0.2,0.0
280,5.6,0.8909729719161987,0.2,0.0
281,5.619999999999999,0.8913855552673341,0.2,0.0
282,5.639999999999998,0.8917923569679259,0.2,0.0
283,5.659999999999998,0.8921935558319092,0.2,0.0
284,5.679999999999997,0.8925889134407043,0.2,0.0
285,5.700000000000002,0.8929793834686279,0.2,0.0
286,5.720000000000001,0.8933638334274292,0.2,0.0
287,5.740000000000001,0.8937433362007141,0.2,0.0
288,5.76,0.8941172361373901,0.2,0.0
289,5.779999999999999,0.8944858908653259,0.2,0.0
290,5.799999999999998,0.8948494791984558,0.2,0.0
291,5.8199999999999985,0.895207405090332,0.2,0.0
292,5.839999999999998,0.8955608010292053,0.2,0.0
293,5.860000000000002,0.8959100246429443,0.2,0.0
294,5.880000000000001,0.8962536454200745,0.2,0.0
295,5.9,0.8965926766395569,0.2,0.0
296,5.92,0.8969267010688782,0.2,0.0
297,5.9399999999999995,0.8972563147544861,0.2,0.0
298,5.959999999999999,0.8975809812545776,0.2,0.0
299,5.979999999999999,0.8979013562202454,0.2,0.0
300,5.999999999999998,0.8982167840003967,0.2,0.0
301,6.019999999999997,0.8985283374786377,0.2,0.0
302,6.040000000000001,0.8988353610038757,0.2,0.0
303,6.0600000000000005,0.8991381525993347,0.2,0.0
304,6.080000000000001,0.8994372487068176,0.2,0.0
305,6.1,0.8997313380241394,0.2,0.0
306,6.119999999999999,0.9000215530395508,0.2,0.0
307,6.139999999999998,0.9003072381019592,0.2,0.0
308,6.159999999999998,0.9005893468856812,0.2,0.0
309,6.179999999999997,0.9008674621582032,0.2,0.0
310,6.200000000000002,0.9011422395706176,0.2,0.0
311,6.220000000000001,0.9014126658439636,0.2,0.0
312,6.240000000000001,0.9016793370246888,0.2,0.0
313,6.26,0.9019423723220824,0.2,0.0
314,6.279999999999999,0.902201235294342,0.2,0.0
315,6.299999999999998,0.9024568796157836,0.2,0.0
316,6.3199999999999985,0.9027086496353148,0.2,0.0
317,6.339999999999998,0.9029572010040284,0.2,0.0
318,6.360000000000002,0.9032020568847656,0.2,0.0
319,6.380000000000001,0.9034439921379088,0.2,0.0
320,6.4,0.9036819934844972,0.2,0.0
321,6.42,0.903917133808136,0.2,0.0
322,6.4399999999999995,0.9041483998298644,0.2,0.0
323,6.459999999999999,0.9043766856193542,0.2,0.0
324,6.479999999999999,0.9046021699905396,0.2,0.0
325,6.499999999999998,0.9048237204551696,0.2,0.0
326,6.519999999999997,0.9050424098968506,0.2,0.0
327,6.540000000000001,0.905258297920227,0.2,0.0
328,6.5600000000000005,0.9054713845252992,0.2,0.0
329,6.580000000000001,0.9056808948516846,0.2,0.0
330,6.6,0.9058883190155028,0.2,0.0
331,6.619999999999999,0.90609210729599,0.2,0.0
332,6.639999999999998,0.9062933325767516,0.2,0.0
333,6.659999999999998,0.9064915776252748,0.2,0.0
334,6.679999999999997,0.9066873788833618,0.2,0.0
335,6.700000000000002,0.9068803191184998,0.2,0.0
336,6.720000000000001,0.9070705771446228,0.2,0.0
337,6.740000000000001,0.907257914543152,0.2,0.0
338,6.76,0.9074428081512452,0.2,0.0
339,6.779999999999999,0.9076249599456788,0.2,0.0
340,6.799999999999998,0.907804787158966,0.2,0.0
341,6.8199999999999985,0.9079817533493042,0.2,0.0
342,6.839999999999998,0.9081566333770752,0.2,0.0
343,6.860000000000002,0.9083293080329896,0.2,0.0
344,6.880000000000001,0.9084985256195068,0.2,0.0
345,6.9,0.90866619348526,0.2,0.0
346,6.92,0.9088317155838012,0.2,0.0
347,6.9399999999999995,0.9089941978454591,0.2,0.0
348,6.959999999999999,0.9091543555259703,0.2,0.0
349,6.979999999999999,0.9093124866485596,0.2,0.0
350,6.999999999999998,0.9094691276550292,0.2,0.0
351,7.019999999999997,0.9096235632896424,0.2,0.0
352,7.040000000000001,0.9097753167152404,0.2,0.0
353,7.0600000000000005,0.9099249839782716,0.2,0.0
354,7.080000000000001,0.9100725054740906,0.2,0.0
355,7.1,0.9102180004119872,0.2,0.0
356,7.119999999999999,0.9103615283966064,0.2,0.0
357,7.139999999999998,0.9105028510093688,0.2,0.0
358,7.159999999999998,0.9106419682502748,0.2,0.0
359,7.179999999999997,0.9107794165611268,0.2,0.0
360,7.200000000000002,0.9109151363372804,0.2,0.0
361,7.220000000000001,0.9110488891601562,0.2,0.0
362,7.240000000000001,0.9111801981925964,0.2,0.0
363,7.26,0.9113098978996276,0.2,0.0
364,7.279999999999999,0.911438286304474,0.2,0.0
365,7.299999999999998,0.9115647077560424,0.2,0.0
366,7.3199999999999985,0.9116893410682678,0.2,0.0
367,7.339999999999998,0.9118124842643738,0.2,0.0
368,7.360000000000002,0.9119337797164916,0.2,0.0
369,7.380000000000001,0.9120532274246216,0.2,0.0
370,7.4,0.912170946598053,0.2,0.0
371,7.42,0.9122868180274964,0.2,0.0
372,7.4399999999999995,0.9124010801315308,0.2,0.0
373,7.459999999999999,0.9125138521194458,0.2,0.0
374,7.479999999999999,0.9126247763633728,0.2,0.0
375,7.499999999999998,0.9127344489097596,0.2,0.0
376,7.519999999999997,0.9128427505493164,0.2,0.0
377,7.540000000000001,0.9129496812820436,0.2,0.0
378,7.5600000000000005,0.9130546450614928,0.2,0.0
379,7.580000000000001,0.9131581783294678,0.2,0.0
380,7.6,0.9132604598999025,0.2,0.0
381,7.619999999999999,0.9133608937263488,0.2,0.0
382,7.639999999999998,0.9134604334831238,0.2,0.0
383,7.659999999999998,0.9135581254959106,0.2,0.0
384,7.679999999999997,0.913654923439026,0.2,0.0
385,7.700000000000002,0.9137502312660216,0.2,0.0
386,7.720000000000001,0.9138445258140564,0.2,0.0
387,7.740000000000001,0.9139372706413268,0.2,0.0
388,7.76,0.914028823375702,0.2,0.0
389,7.779999999999999,0.914118766784668,0.2,0.0
390,7.799999999999998,0.9142072200775146,0.2,0.0
391,7.8199999999999985,0.9142943620681764,0.2,0.0
392,7.839999999999998,0.9143801927566528,0.2,0.0
393,7.860000000000002,0.9144656658172609,0.2,0.0
394,7.880000000000001,0.9145492911338806,0.2,0.0
395,7.9,0.914631724357605,0.2,0.0
396,7.92,0.9147138595581056,0.2,0.0
397,7.9399999999999995,0.9147942066192628,0.2,0.0
398,7.959999999999999,0.9148733019828796,0.2,0.0
399,7.979999999999999,0.9149510860443116,0.2,0.0
400,7.999999999999998,0.9150283336639404,0.2,0.0
401,8.019999999999998,0.91510409116745,0.2,0.0
402,8.040000000000001,0.9151782989501952,0.2,0.0
403,8.06,0.9152523875236512,0.2,0.0
404,8.08,0.9153255820274352,0.2,0.0
405,8.1,0.9153974056243896,0.2,0.0
406,8.12,0.9154682159423828,0.2,0.0
407,8.139999999999999,0.915537416934967,0.2,0.0
408,8.159999999999998,0.9156062006950378,0.2,0.0
409,8.179999999999998,0.915673553943634,0.2,0.0
410,8.200000000000001,0.9157408475875854,0.2,0.0
411,8.22,0.9158063530921936,0.2,0.0
412,8.24,0.915871560573578,0.2,0.0
413,8.26,0.9159352779388428,0.2,0.0
414,8.28,0.915998637676239,0.2,0.0
415,8.299999999999999,0.9160614013671876,0.2,0.0
416,8.319999999999999,0.9161228537559508,0.2,0.0
417,8.339999999999998,0.916183590888977,0.2,0.0
418,8.360000000000001,0.9162429571151732,0.2,0.0
419,8.38,0.9163020253181458,0.2,0.0
420,8.4,0.9163601994514464,0.2,0.0
421,8.42,0.9164174199104308,0.2,0.0
422,8.44,0.916474223136902,0.2,0.0
423,8.459999999999999,0.9165295362472534,0.2,0.0
424,8.479999999999999,0.9165840744972228,0.2,0.0
425,8.499999999999998,0.9166382551193236,0.2,0.0
426,8.519999999999998,0.9166916608810424,0.2,0.0
427,8.540000000000001,0.9167445302009584,0.2,0.0
428,8.56,0.9167968034744264,0.2,0.0
429,8.58,0.9168477654457092,0.2,0.0
430,8.6,0.9168982505798341,0.2,0.0
431,8.62,0.916947901248932,0.2,0.0
432,8.639999999999999,0.9169971942901612,0.2,0.0
433,8.659999999999998,0.9170455932617188,0.2,0.0
434,8.679999999999998,0.9170930981636048,0.2,0.0
435,8.700000000000001,0.9171398878097534,0.2,0.0
436,8.72,0.9171864986419678,0.2,0.0
437,8.74,0.9172322154045104,0.2,0.0
438,8.76,0.9172767400741576,0.2,0.0
439,8.78,0.9173209667205809,0.2,0.0
440,8.799999999999999,0.9173649549484252,0.2,0.0
441,8.819999999999997,0.9174076914787292,0.2,0.0
442,8.839999999999996,0.9174496531486512,0.2,0.0
443,8.860000000000001,0.9174914360046388,0.2,0.0
444,8.880000000000003,0.9175329208374025,0.2,0.0
445,8.9,0.9175740480422974,0.2,0.0
446,8.92,0.9176139831542968,0.2,0.0
447,8.94,0.9176530838012696,0.2,0.0
448,8.959999999999999,0.9176920652389526,0.2,0.0
449,8.979999999999999,0.9177306294441224,0.2,0.0
450,9.0,0.917768895626068,0.2,0.0
451,9.019999999999998,0.9178062081336976,0.2,0.0
452,9.04,0.917843222618103,0.2,0.0
453,9.059999999999999,0.9178797006607056,0.2,0.0
454,9.08,0.9179157614707948,0.2,0.0
455,9.1,0.9179509282112122,0.2,0.0
456,9.12,0.9179859161376952,0.2,0.0
457,9.139999999999999,0.918019950389862,0.2,0.0
458,9.16,0.9180538654327391,0.2,0.0
459,9.179999999999998,0.9180870056152344,0.2,0.0
460,9.200000000000001,0.9181201457977296,0.2,0.0
461,9.219999999999999,0.9181524515151978,0.2,0.0
462,9.24,0.9181849360466005,0.2,0.0
463,9.26,0.9182170033454896,0.2,0.0
464,9.28,0.9182478785514832,0.2,0.0
465,9.299999999999999,0.9182784557342528,0.2,0.0
466,9.32,0.9183093905448914,0.2,0.0
467,9.34,0.9183388948440552,0.2,0.0
468,9.360000000000001,0.9183684587478638,0.2,0.0
469,9.379999999999999,0.9183976054191588,0.2,0.0
470,9.4,0.918426513671875,0.2,0.0
471,9.42,0.9184549450874328,0.2,0.0
472,9.44,0.9184829592704772,0.2,0.0
473,9.459999999999999,0.9185106158256532,0.2,0.0
474,9.479999999999999,0.9185374975204468,0.2,0.0
475,9.5,0.9185640215873718,0.2,0.0
476,9.519999999999998,0.9185906648635864,0.2,0.0
477,9.54,0.9186164140701294,0.2,0.0
478,9.559999999999999,0.9186417460441588,0.2,0.0
479,9.58,0.9186670184135436,0.2,0.0
480,9.6,0.9186923503875732,0.2,0.0
481,9.62,0.9187166094779968,0.2,0.0
482,9.639999999999999,0.9187405109405518,0.2,0.0
483,9.66,0.9187647700309752,0.2,0.0
484,9.679999999999998,0.918788194656372,0.2,0.0
485,9.700000000000001,0.9188112616539,0.2,0.0
486,9.719999999999999,0.9188339710235596,0.2,0.0
487,9.74,0.9188567399978638,0.2,0.0
488,9.76,0.918878972530365,0.2,0.0
489,9.78,0.9189009666442872,0.2,0.0
490,9.799999999999999,0.9189226031303406,0.2,0.0
491,9.82,0.9189439415931702,0.2,0.0
492,9.84,0.9189647436141968,0.2,0.0
493,9.860000000000001,0.9189854264259338,0.2,0.0
494,9.879999999999999,0.919006049633026,0.2,0.0
495,9.9,0.9190261363983154,0.2,0.0
496,9.92,0.919045627117157,0.2,0.0
497,9.94,0.9190656542778016,0.2,0.0
498,9.959999999999999,0.9190849065780641,0.2,0.0
499,9.979999999999999,0.9191041588783264,0.2,0.0
500,10.0,0.919122874736786,0.2,0.0
501,10.019999999999998,0.9191413521766664,0.2,0.0
502,10.04,0.9191596508026124,0.2,0.0
503,10.059999999999999,0.9191774725914,0.2,0.0
504,10.08,0.9191953539848328,0.2,0.0
505,10.1,0.9192127585411072,0.2,0.0
506,10.12,0.9192295074462892,0.2,0.0
507,10.139999999999999,0.919247031211853,0.2,0.0
508,10.16,0.919264018535614,0.2,0.0
509,10.179999999999998,0.9192803502082824,0.2,0.0
510,10.200000000000001,0.9192968606948853,0.2,0.0
511,10.219999999999999,0.9193128943443298,0.2,0.0
512,10.24,0.9193286895751952,0.2,0.0
513,10.26,0.9193444848060608,0.2,0.0
514,10.28,0.9193601608276368,0.2,0.0
515,10.299999999999999,0.9193753600120544,0.2,0.0
516,10.32,0.9193900823593141,0.2,0.0
517,10.34,0.9194050431251526,0.2,0.0
518,10.360000000000001,0.9194194674491882,0.2,0.0
519,10.379999999999999,0.919433891773224,0.2,0.0
520,10.4,0.9194481372833252,0.2,0.0
521,10.42,0.9194617867469788,0.2,0.0
522,10.44,0.919475555419922,0.2,0.0
523,10.459999999999999,0.9194892048835754,0.2,0.0
524,10.479999999999999,0.919502854347229,0.2,0.0
525,10.5,0.9195157885551452,0.2,0.0
526,10.519999999999998,0.9195289611816406,0.2,0.0
527,10.54,0.9195417761802672,0.2,0.0
528,10.559999999999999,0.919554591178894,0.2,0.0
529,10.58,0.919566571712494,0.2,0.0
530,10.6,0.919578731060028,0.2,0.0
531,10.62,0.9195908904075624,0.2,0.0
532,10.639999999999999,0.9196029305458068,0.2,0.0
533,10.66,0.9196142554283142,0.2,0.0
534,10.679999999999998,0.919625997543335,0.2,0.0
535,10.700000000000001,0.9196372628211976,0.2,0.0
536,10.719999999999999,0.9196485877037048,0.2,0.0
537,10.74,0.9196598529815674,0.2,0.0
538,10.76,0.9196707606315612,0.2,0.0
539,10.78,0.919681429862976,0.2,0.0
540,10.799999999999999,0.919691801071167,0.2,0.0
541,10.82,0.9197023510932922,0.2,0.0
542,10.84,0.9197126030921936,0.2,0.0
543,10.860000000000001,0.919722855091095,0.2,0.0
544,10.879999999999999,0.919732928276062,0.2,0.0
545,10.9,0.91974276304245,0.2,0.0
546,10.92,0.9197526574134828,0.2,0.0
547,10.94,0.9197624921798706,0.2,0.0
548,10.959999999999999,0.9197721481323242,0.2,0.0
549,10.979999999999999,0.9197813272476196,0.2,0.0
550,11.0,0.9197906255722046,0.2,0.0
551,11.019999999999998,0.9197999835014344,0.2,0.0
552,11.04,0.9198089241981506,0.2,0.0
553,11.059999999999999,0.9198180437088012,0.2,0.0
554,11.08,0.919826865196228,0.2,0.0
555,11.1,0.9198358058929444,0.2,0.0
556,11.12,0.9198437333106996,0.2,0.0
557,11.139999999999999,0.9198519587516784,0.2,0.0
558,11.16,0.9198604226112366,0.2,0.0
559,11.179999999999998,0.9198682904243468,0.2,0.0
560,11.200000000000001,0.9198761582374572,0.2,0.0
561,11.219999999999999,0.9198838472366332,0.2,0.0
562,11.24,0.9198916554450988,0.2,0.0
563,11.26,0.9198995232582092,0.2,0.0
564,11.28,0.9199072122573853,0.2,0.0
565,11.299999999999999,0.9199143648147584,0.2,0.0
566,11.32,0.919921338558197,0.2,0.0
567,11.34,0.9199290871620178,0.2,0.0
568,11.360000000000001,0.9199358820915222,0.2,0.0
569,11.379999999999999,0.9199426174163818,0.2,0.0
570,11.4,0.9199500679969788,0.2,0.0
571,11.42,0.9199572801589966,0.2,0.0
572,11.44,0.919963836669922,0.2,0.0
573,11.459999999999999,0.9199707508087158,0.2,0.0
574,11.479999999999999,0.9199770092964172,0.2,0.0
575,11.5,0.919983983039856,0.2,0.0
576,11.519999999999998,0.9199905395507812,0.2,0.0
577,11.54,0.9199967980384828,0.2,0.0
578,11.559999999999999,0.9200029373168944,0.2,0.0
579,11.58,0.920009434223175,0.2,0.0
580,11.6,0.9200154542922974,0.2,0.0
581,11.62,0.92002135515213,0.2,0.0
582,11.639999999999999,0.9200277328491212,0.2,0.0
583,11.66,0.9200335741043092,0.2,0.0
584,11.679999999999998,0.9200392961502076,0.2,0.0
585,11.700000000000001,0.9200446605682372,0.2,0.0
586,11.719999999999999,0.9200503826141356,0.2,0.0
587,11.74,0.9200555682182312,0.2,0.0
588,11.76,0.9200608134269714,0.2,0.0
589,11.78,0.92006653547287,0.2,0.0
590,11.799999999999999,0.9200720191001892,0.2,0.0
591,11.82,0.9200769066810608,0.2,0.0
592,11.84,0.9200822114944458,0.2,0.0
593,11.860000000000001,0.9200870990753174,0.2,0.0
594,11.879999999999999,0.9200922846794128,0.2,0.0
595,11.9,0.9200971126556396,0.2,0.0
596,11.92,0.9201022386550904,0.2,0.0
597,11.94,0.9201064705848694,0.2,0.0
598,11.959999999999999,0.9201116561889648,0.2,0.0
599,11.979999999999999,0.920115888118744,0.2,0.0
600,12.0,0.9201209545135498,0.2,0.0
601,12.019999999999998,0.920125126838684,0.2,0.0
602,12.04,0.92013019323349,0.2,0.0
603,12.059999999999999,0.920134425163269,0.2,0.0
604,12.08,0.9201388955116272,0.2,0.0
605,12.1,0.9201435446739196,0.2,0.0
606,12.12,0.9201475381851196,0.2,0.0
607,12.139999999999999,0.920151710510254,0.2,0.0
608,12.16,0.9201555252075196,0.2,0.0
609,12.179999999999998,0.9201595187187196,0.2,0.0
610,12.200000000000001,0.9201638102531432,0.2,0.0
611,12.219999999999999,0.9201676249504088,0.2,0.0
612,12.24,0.9201717972755432,0.2,0.0
613,12.26,0.9201753735542296,0.2,0.0
614,12.28,0.9201791882514954,0.2,0.0
615,12.299999999999999,0.9201828837394714,0.2,0.0
616,12.32,0.9201866984367372,0.2,0.0
617,12.34,0.9201903343200684,0.2,0.0
618,12.360000000000001,0.92019385099411,0.2,0.0
619,12.379999999999999,0.9201971888542176,0.2,0.0
620,12.4,0.9202014803886414,0.2,0.0
621,12.42,0.9202046990394592,0.2,0.0
622,12.44,0.9202080965042114,0.2,0.0
623,12.459999999999999,0.9202113151550292,0.2,0.0
624,12.479999999999999,0.9202146530151368,0.2,0.0
625,12.5,0.9202178120613098,0.2,0.0
626,12.519999999999998,0.9202210307121276,0.2,0.0
627,12.54,0.9202244877815248,0.2,0.0
628,12.559999999999999,0.9202276468276978,0.2,0.0
629,12.58,0.9202306270599364,0.2,0.0
630,12.6,0.9202337265014648,0.2,0.0
631,12.62,0.920236110687256,0.2,0.0
632,12.639999999999999,0.9202393293380736,0.2,0.0
633,12.66,0.9202418923377992,0.2,0.0
634,12.679999999999998,0.9202448129653932,0.2,0.0
635,12.700000000000001,0.9202466607093812,0.2,0.0
636,12.719999999999999,0.9202499985694884,0.2,0.0
637,12.74,0.9202521443367004,0.2,0.0
638,12.76,0.9202551245689392,0.2,0.0
639,12.78,0.9202574491500854,0.2,0.0
640,12.799999999999999,0.9202600121498108,0.2,0.0
641,12.82,0.9202624559402466,0.2,0.0
642,12.84,0.9202646613121032,0.2,0.0
643,12.860000000000001,0.9202672243118286,0.2,0.0
644,12.879999999999999,0.9202695488929749,0.2,0.0
645,12.9,0.920271635055542,0.2,0.0
646,12.92,0.920274257659912,0.2,0.0
647,12.94,0.9202761054039,0.2,0.0
648,12.959999999999999,0.9202786087989808,0.2,0.0
649,12.979999999999999,0.9202805757522584,0.2,0.0
650,13.0,0.9202827215194702,0.2,0.0
651,13.019999999999998,0.920284867286682,0.2,0.0
652,13.04,0.9202868938446044,0.2,0.0
653,13.059999999999999,0.9202889800071716,0.2,0.0
654,13.08,0.9202910661697388,0.2,0.0
655,13.1,0.920292854309082,0.2,0.0
656,13.12,0.9202947616577148,0.2,0.0
657,13.139999999999999,0.9202970862388612,0.2,0.0
658,13.16,0.9202983379364014,0.2,0.0
659,13.179999999999998,0.9203007817268372,0.2,0.0
660,13.200000000000001,0.9203020930290222,0.2,0.0
661,13.219999999999999,0.9203039407730104,0.2,0.0
662,13.24,0.9203062057495116,0.2,0.0
663,13.26,0.920307993888855,0.2,0.0
664,13.28,0.9203099608421326,0.2,0.0
665,13.299999999999999,0.9203113317489624,0.2,0.0
666,13.32,0.920312762260437,0.2,0.0
667,13.34,0.9203147888183594,0.2,0.0
668,13.360000000000001,0.9203163981437684,0.2,0.0
669,13.379999999999999,0.920318067073822,0.2,0.0
670,13.4,0.920319437980652,0.2,0.0
671,13.42,0.9203213453292848,0.2,0.0
672,13.44,0.9203227162361144,0.2,0.0
673,13.459999999999999,0.9203247427940368,0.2,0.0
674,13.479999999999999,0.9203259348869324,0.2,0.0
675,13.5,0.920327603816986,0.2,0.0
676,13.519999999999998,0.9203290939331056,0.2,0.0
677,13.54,0.9203311800956726,0.2,0.0
678,13.559999999999999,0.920332372188568,0.2,0.0
679,13.58,0.920333743095398,0.2,0.0
680,13.6,0.920334815979004,0.2,0.0
681,13.62,0.920336663722992,0.2,0.0
682,13.639999999999999,0.9203377962112428,0.2,0.0
683,13.66,0.920339286327362,0.2,0.0
684,13.679999999999998,0.9203405380249025,0.2,0.0
685,13.700000000000001,0.9203418493270874,0.2,0.0
686,13.719999999999999,0.9203426241874696,0.2,0.0
687,13.74,0.9203444719314576,0.2,0.0
688,13.76,0.9203453660011292,0.2,0.0
689,13.78,0.9203469157218932,0.2,0.0
690,13.799999999999999,0.9203473925590516,0.2,0.0
691,13.82,0.9203491806983948,0.2,0.0
692,13.84,0.9203498363494872,0.2,0.0
693,13.860000000000001,0.9203516840934752,0.2,0.0
694,13.879999999999999,0.9203529953956604,0.2,0.0
695,13.9,0.9203541278839112,0.2,0.0
696,13.92,0.9203554391860962,0.2,0.0
697,13.94,0.9203567504882812,0.2,0.0
698,13.959999999999999,0.9203578233718872,0.2,0.0
699,13.979999999999999,0.9203590154647828,0.2,0.0
700,14.0,0.9203593134880066,0.2,0.0
701,14.019999999999998,0.9203608632087708,0.2,0.0
702,14.04,0.9203618168830872,0.2,0.0
703,14.059999999999999,0.9203628301620485,0.2,0.0
704,14.08,0.9203640818595886,0.2,0.0
705,14.1,0.9203649759292604,0.2,0.0
706,14.12,0.9203655123710632,0.2,0.0
707,14.139999999999999,0.9203665852546692,0.2,0.0
708,14.16,0.9203678965568542,0.2,0.0
709,14.179999999999998,0.9203688502311708,0.2,0.0
710,14.200000000000001,0.9203701019287108,0.2,0.0
711,14.219999999999999,0.9203708171844482,0.2,0.0
712,14.24,0.92037171125412,0.2,0.0
713,14.26,0.9203724265098572,0.2,0.0
714,14.28,0.9203736186027528,0.2,0.0
715,14.299999999999999,0.9203744530677797,0.2,0.0
716,14.32,0.9203757047653198,0.2,0.0
717,14.34,0.9203767180442809,0.2,0.0
718,14.360000000000001,0.9203774333000184,0.2,0.0
719,14.379999999999999,0.9203786253929138,0.2,0.0
720,14.4,0.920379638671875,0.2,0.0
721,14.42,0.9203803539276124,0.2,0.0
722,14.44,0.9203810095787048,0.2,0.0
723,14.459999999999999,0.9203819632530212,0.2,0.0
724,14.479999999999999,0.9203824996948242,0.2,0.0
725,14.5,0.9203834533691406,0.2,0.0
726,14.519999999999998,0.9203839898109436,0.2,0.0
727,14.54,0.9203847050666808,0.2,0.0
728,14.559999999999999,0.9203854203224182,0.2,0.0
729,14.58,0.9203861951828004,0.2,0.0
730,14.6,0.9203867912292479,0.2,0.0
731,14.62,0.9203873872756958,0.2,0.0
732,14.639999999999999,0.9203879833221436,0.2,0.0
733,14.66,0.920388638973236,0.2,0.0
734,14.679999999999998,0.9203891754150392,0.2,0.0
735,14.700000000000001,0.9203898310661316,0.2,0.0
736,14.719999999999999,0.9203905463218688,0.2,0.0
737,14.74,0.9203913807868958,0.2,0.0
738,14.76,0.9203913807868958,0.2,0.0
739,14.78,0.9203923344612122,0.2,0.0
740,14.799999999999999,0.9203928112983704,0.2,0.0
741,14.82,0.9203936457633972,0.2,0.0
742,14.84,0.9203935265541076,0.2,0.0
743,14.860000000000001,0.9203947186470032,0.2,0.0
744,14.879999999999999,0.920395016670227,0.2,0.0
745,14.9,0.9203957319259644,0.2,0.0
746,14.92,0.920395851135254,0.2,0.0
747,14.94,0.9203965663909912,0.2,0.0
748,14.959999999999999,0.920397400856018,0.2,0.0
749,14.979999999999999,0.920397698879242,0.2,0.0
750,15.0,0.9203984141349792,0.2,0.0
751,15.019999999999998,0.920399248600006,0.2,0.0
752,15.04,0.9203999042510986,0.2,0.0
753,15.059999999999999,0.920400321483612,0.2,0.0
754,15.08,0.9204009771347046,0.2,0.0
755,15.1,0.9204015731811525,0.2,0.0
756,15.12,0.9204025268554688,0.2,0.0
757,15.139999999999999,0.9204034209251404,0.2,0.0
758,15.16,0.9204039573669434,0.2,0.0
759,15.179999999999998,0.9204044938087464,0.2,0.0
760,15.200000000000001,0.9204051494598388,0.2,0.0
761,15.219999999999999,0.9204056859016418,0.2,0.0
762,15.24,0.9204064011573792,0.2,0.0
763,15.26,0.9204069972038268,0.2,0.0
764,15.28,0.9204077720642091,0.2,0.0
765,15.299999999999999,0.9204078316688538,0.2,0.0
766,15.32,0.9204084277153016,0.2,0.0
767,15.34,0.9204091429710388,0.2,0.0
768,15.360000000000001,0.920409619808197,0.2,0.0
769,15.379999999999999,0.9204099774360656,0.2,0.0
770,15.4,0.9204105138778688,0.2,0.0
771,15.42,0.9204108715057372,0.2,0.0
772,15.44,0.9204113483428956,0.2,0.0
773,15.459999999999999,0.9204115867614746,0.2,0.0
774,15.479999999999999,0.9204121828079224,0.2,0.0
775,15.5,0.9204124808311462,0.2,0.0
776,15.519999999999998,0.9204131364822388,0.2,0.0
777,15.54,0.9204136729240416,0.2,0.0
778,15.559999999999999,0.9204140901565552,0.2,0.0
779,15.58,0.920414388179779,0.2,0.0
780,15.6,0.9204151034355164,0.2,0.0
781,15.62,0.9204154014587402,0.2,0.0
782,15.639999999999999,0.920415699481964,0.2,0.0
783,15.66,0.9204162359237672,0.2,0.0
784,15.679999999999998,0.9204164147377014,0.2,0.0
785,15.700000000000001,0.9204165935516356,0.2,0.0
786,15.719999999999999,0.9204168319702148,0.2,0.0
787,15.74,0.9204173088073729,0.2,0.0
788,15.76,0.9204172492027284,0.2,0.0
789,15.78,0.9204173684120178,0.2,0.0
790,15.799999999999999,0.9204172492027284,0.2,0.0
791,15.82,0.9204178452491759,0.2,0.0
792,15.84,0.9204179048538208,0.2,0.0
793,15.860000000000001,0.9204182028770448,0.2,0.0
794,15.879999999999999,0.920418381690979,0.2,0.0
795,15.9,0.9204187393188475,0.2,0.0
796,15.92,0.9204192757606506,0.2,0.0
797,15.94,0.9204195141792296,0.2,0.0
798,15.959999999999999,0.920419692993164,0.2,0.0
799,15.979999999999999,0.9204198718070984,0.2,0.0
800,15.999999999999998,0.9204200506210328,0.2,0.0
801,16.019999999999996,0.9204202890396118,0.2,0.0
802,16.04,0.9204202890396118,0.2,0.0
803,16.060000000000002,0.9204206466674804,0.2,0.0
804,16.08,0.9204208850860596,0.2,0.0
805,16.1,0.920421063899994,0.2,0.0
806,16.119999999999997,0.920421302318573,0.2,0.0
807,16.14,0.920421302318573,0.2,0.0
808,16.159999999999997,0.9204217195510864,0.2,0.0
809,16.18,0.9204219579696656,0.2,0.0
810,16.200000000000003,0.9204220175743104,0.2,0.0
811,16.22,0.9204224944114684,0.2,0.0
812,16.240000000000002,0.9204230308532716,0.2,0.0
813,16.259999999999998,0.9204235076904296,0.2,0.0
814,16.28,0.920423686504364,0.2,0.0
815,16.299999999999997,0.9204240441322328,0.2,0.0
816,16.32,0.9204244017601012,0.2,0.0
817,16.339999999999996,0.92042475938797,0.2,0.0
818,16.36,0.9204245805740356,0.2,0.0
819,16.380000000000003,0.9204248785972596,0.2,0.0
820,16.4,0.9204246401786804,0.2,0.0
